Id,GrLivArea,BedroomAbvGr,FullBath,HalfBath,OverallQual,YearBuilt,TotalBsmtSF,GarageArea,SalePrice
1,1748,2,2,1,7,1911,594.0,353.0,376083
2,1430,3,2,1,6,1909,1419.0,390.0,346449
3,1823,0,1,0,9,1919,1251.0,672.0,357982
4,2261,3,1,2,3,1946,1045.0,595.0,355115
5,1382,4,2,0,5,1978,1238.0,1058.0,362989
6,1382,6,1,1,6,1879,1307.0,171.0,319047
7,2289,2,1,0,5,1957,695.0,489.0,337987
8,1883,3,2,1,8,1939,1224.0,114.0,408337
9,1265,4,3,0,3,1946,778.0,619.0,279190
10,1771,2,2,1,6,2008,1320.0,713.0,369847
11,1268,3,1,1,6,1961,923.0,,343305
12,1267,4,1,1,6,2001,1244.0,537.0,354270
13,1620,4,2,1,5,1951,826.0,117.0,368037
14,543,2,2,1,5,1966,1265.0,489.0,208324
15,637,3,3,1,7,1941,,587.0,275713
16,1218,4,2,0,4,1961,1014.0,298.0,278165
17,993,3,3,0,7,1930,1392.0,447.0,322397
18,1657,0,1,0,6,1899,1186.0,244.0,275130
19,1045,4,2,0,7,1943,1076.0,377.0,274448
20,793,1,1,0,7,1885,1721.0,682.0,273954
21,2232,4,3,1,4,1895,1409.0,636.0,392097
22,1387,2,2,0,6,1983,1342.0,220.0,335865
23,1533,5,2,1,8,1915,1263.0,359.0,353283
24,787,3,1,0,5,1927,1313.0,511.0,211924
25,1227,3,1,0,9,1991,1662.0,545.0,355993
26,1555,2,2,1,6,1903,832.0,367.0,281338
27,924,3,1,1,4,1896,1403.0,595.0,296490
28,1687,5,2,1,5,1987,1142.0,492.0,361917
29,1199,6,1,1,9,1937,846.0,0.0,333559
30,1354,3,2,0,5,1913,960.0,385.0,307449
31,1199,3,3,1,8,1947,1087.0,379.0,364616
32,2426,4,3,0,8,2008,656.0,635.0,476753
33,1493,5,3,0,5,1909,1345.0,639.0,357457
34,971,3,1,0,3,1932,958.0,165.0,186953
35,1911,3,1,0,7,1960,1033.0,587.0,401842
36,889,3,2,0,5,1889,1542.0,485.0,304927
37,1604,4,2,2,7,1941,1051.0,525.0,372987
38,520,0,2,2,5,1953,1621.0,377.0,190640
39,835,4,0,0,6,1987,790.0,487.0,260067
40,1598,3,1,0,7,1951,561.0,,345946
41,1869,4,0,0,5,1886,884.0,522.0,312691
42,1585,2,3,0,5,1884,0.0,491.0,278272
43,1442,3,1,1,5,1990,1362.0,404.0,361932
44,1349,3,2,0,5,1914,584.0,710.0,263331
45,760,4,0,1,6,1928,752.0,243.0,220914
46,1140,2,2,0,7,1888,1286.0,339.0,277322
47,1269,3,2,2,5,1903,1047.0,232.0,269732
48,2028,3,3,0,6,1926,823.0,540.0,377753
49,1671,3,3,1,6,1884,185.0,735.0,354959
50,618,3,2,0,5,1918,1520.0,434.0,273874
51,1662,4,3,1,5,1958,1289.0,286.0,361793
52,1307,4,4,0,8,1933,1822.0,827.0,389480
53,1161,3,3,0,7,1900,761.0,590.0,354527
54,1805,4,3,1,6,1893,418.0,555.0,315675
55,2015,3,1,1,6,1936,1397.0,461.0,406986
56,1965,2,2,1,2,1900,924.0,633.0,288371
57,1080,1,1,1,6,1919,1251.0,552.0,273786
58,1345,3,1,1,6,1876,1647.0,403.0,339407
59,1665,4,4,0,6,1972,1155.0,437.0,338595
60,1987,4,2,0,5,1942,1066.0,296.0,373661
61,1260,4,2,0,3,2009,1092.0,271.0,276011
62,1407,3,3,1,4,1937,345.0,440.0,319558
63,946,3,3,0,9,1943,1443.0,730.0,420618
64,901,2,4,0,5,1896,1468.0,293.0,228335
65,1906,3,1,1,6,1931,1212.0,667.0,417118
66,2178,3,0,1,3,1911,393.0,340.0,316292
67,1463,2,2,0,2,1878,951.0,142.0,219695
68,2001,3,1,0,7,1917,1575.0,609.0,419286
69,1680,3,0,0,6,1957,773.0,825.0,308982
70,1177,4,2,0,6,1892,1473.0,328.0,284044
71,1680,6,3,0,4,1872,1022.0,186.0,299821
72,2269,5,2,1,7,1994,1285.0,590.0,476902
73,1482,4,2,1,4,1996,835.0,315.0,313325
74,2282,3,2,1,4,1904,1033.0,607.0,367810
75,334,4,1,0,6,1875,1174.0,730.0,267160
76,1910,4,0,1,5,1874,566.0,566.0,326246
77,1543,2,3,0,4,1962,1109.0,661.0,347684
78,1350,3,2,0,6,1923,0.0,663.0,296222
79,1545,4,3,1,6,1899,759.0,697.0,340690
80,506,3,0,0,7,1941,1217.0,509.0,236145
81,1390,3,3,0,5,1928,1448.0,655.0,302196
82,1678,3,2,1,3,1979,1189.0,532.0,323618
83,2238,2,2,0,5,1895,443.0,578.0,366223
84,1240,3,2,1,9,1948,1413.0,1110.0,405876
85,1095,3,3,0,6,1947,544.0,,310568
86,1249,1,2,1,7,1940,1245.0,200.0,304640
87,1957,1,2,0,1,1972,557.0,460.0,233001
88,1664,4,4,0,6,1963,690.0,437.0,387539
89,1235,3,3,1,2,1963,617.0,447.0,245906
90,1756,3,2,0,6,1901,,690.0,318048
91,1548,3,2,0,8,1889,921.0,726.0,379160
92,1984,5,2,0,9,1915,1203.0,478.0,459488
93,1148,3,1,0,6,1970,992.0,221.0,270438
94,1336,3,2,0,6,1992,392.0,519.0,296274
95,1303,5,3,0,8,1986,1110.0,391.0,357158
96,768,4,3,1,6,1931,295.0,542.0,271783
97,1648,2,2,0,3,1927,646.0,475.0,283529
98,1630,4,2,0,6,1902,854.0,743.0,336234
99,1502,3,1,0,4,1972,826.0,554.0,333689
100,1382,3,4,0,6,1930,341.0,391.0,295424
101,792,2,4,1,6,1995,,222.0,212107
102,1289,2,2,0,6,2001,1659.0,490.0,312053
103,1328,4,3,2,5,1968,1900.0,491.0,380113
104,1098,3,2,0,4,1978,1459.0,447.0,270686
105,1419,3,2,1,6,1889,841.0,655.0,286410
106,1702,4,1,1,7,1942,834.0,223.0,332037
107,2443,4,2,1,6,1977,812.0,347.0,403865
108,1587,2,2,1,5,1925,1794.0,510.0,329287
109,1628,4,2,1,8,1965,953.0,388.0,378117
110,1462,2,2,0,8,1947,1507.0,428.0,373726
111,540,4,3,0,4,1906,1476.0,487.0,239770
112,1486,4,1,1,2,1882,1075.0,637.0,286340
113,1530,5,2,0,7,1932,419.0,479.0,396313
114,2731,2,2,0,7,1915,962.0,106.0,463970
115,1403,1,2,1,9,1992,1058.0,379.0,370620
116,1650,3,2,0,8,1939,1511.0,599.0,351410
117,1482,3,1,2,6,1896,1007.0,652.0,315994
118,915,3,1,1,6,1955,516.0,663.0,222824
119,2071,5,2,1,2,1985,1395.0,720.0,357273
120,1875,3,2,1,4,2003,908.0,523.0,365181
121,1895,3,1,0,6,1872,0.0,552.0,322859
122,1045,4,2,0,6,2002,1129.0,297.0,322661
123,2201,3,2,0,6,1957,1200.0,65.0,409378
124,799,4,2,0,7,1933,662.0,216.0,266811
125,1793,2,3,1,5,1935,923.0,359.0,368001
126,2595,3,1,1,6,1997,1263.0,228.0,471970
127,1004,1,0,0,3,1976,1132.0,441.0,216659
128,1216,2,3,0,5,1933,374.0,407.0,269999
129,1549,5,2,2,7,1906,1501.0,687.0,417044
130,1248,2,2,0,6,1884,1682.0,306.0,272035
131,724,3,3,0,10,1914,795.0,528.0,313630
132,1534,3,3,0,5,2001,236.0,416.0,305070
133,968,3,4,1,6,1982,1308.0,298.0,293341
134,1736,5,2,1,5,1999,730.0,354.0,334372
135,1040,1,2,1,5,1922,1214.0,89.0,269531
136,2274,4,2,1,8,2006,1880.0,649.0,493811
137,1108,5,1,0,6,1916,381.0,780.0,303254
138,1338,3,2,0,8,1913,681.0,446.0,368834
139,1906,5,1,1,4,2006,922.0,505.0,355376
140,884,1,3,0,8,1886,1516.0,440.0,289560
141,1613,3,2,1,3,1931,2422.0,335.0,372442
142,2153,3,2,1,8,1911,1098.0,640.0,401621
143,696,4,2,1,5,1983,347.0,563.0,237459
144,1592,6,1,1,5,1948,861.0,0.0,310488
145,1629,3,0,1,6,1976,690.0,293.0,324936
146,1890,4,2,1,8,1978,1288.0,89.0,423899
147,881,2,1,0,2,1993,1150.0,811.0,227879
148,839,3,2,0,5,1951,583.0,465.0,263695
149,1760,3,3,0,8,1996,666.0,548.0,384886
150,1648,5,3,1,5,2005,855.0,429.0,355604
151,1625,3,2,0,4,1903,904.0,720.0,332235
152,1673,3,1,1,5,1979,983.0,672.0,361307
153,1159,2,3,0,5,1985,1019.0,456.0,249952
154,1616,2,3,1,8,1939,1493.0,843.0,412413
155,1646,3,1,0,7,1998,841.0,537.0,343828
156,1142,3,2,1,6,2006,782.0,207.0,287918
157,2432,4,1,1,9,1985,464.0,520.0,454752
158,1736,3,3,0,6,1879,910.0,603.0,344401
159,904,3,4,0,3,1935,1102.0,473.0,220166
160,1828,2,0,1,5,2006,310.0,417.0,303804
161,1012,5,3,0,5,1912,863.0,852.0,314230
162,1893,4,2,0,4,1911,1464.0,262.0,339674
163,2079,2,4,2,8,1874,1259.0,,448615
164,1089,4,2,1,7,1981,1149.0,823.0,401301
165,1981,3,3,2,5,1985,1248.0,254.0,391778
166,1706,2,1,0,6,1983,770.0,442.0,326999
167,1911,3,2,0,7,1875,717.0,424.0,351013
168,2448,3,1,1,8,2005,1508.0,746.0,490881
169,1377,2,4,1,8,1897,1331.0,786.0,416349
170,1123,5,3,1,6,2010,701.0,241.0,359681
171,1055,4,3,0,7,1888,248.0,771.0,341583
172,1092,4,3,0,6,1963,709.0,767.0,333882
173,1461,3,1,0,6,1902,1217.0,503.0,335584
174,1670,3,2,0,3,1978,736.0,686.0,279703
175,1638,4,1,0,3,1982,1132.0,706.0,315106
176,1913,3,1,0,6,1972,1567.0,449.0,376973
177,1506,2,1,2,5,1983,962.0,468.0,305499
178,2226,3,2,0,2,1933,1093.0,,334234
179,1367,4,1,1,7,1983,1273.0,174.0,356446
180,2860,3,1,1,2,1987,567.0,429.0,384173
181,1812,1,1,1,6,1906,690.0,259.0,310184
182,1071,4,1,0,6,1899,1290.0,784.0,291709
183,964,2,4,1,9,1974,1014.0,426.0,338867
184,1741,3,3,1,6,1996,1048.0,555.0,412459
185,1388,2,4,1,3,1973,1013.0,456.0,286324
186,1857,3,2,1,6,2008,1391.0,443.0,392093
187,1736,4,1,2,7,1892,1174.0,542.0,433981
188,1463,3,3,1,10,1923,1179.0,353.0,429526
189,1076,2,2,0,5,1968,1488.0,460.0,294233
190,742,5,1,1,5,1922,1642.0,,288022
191,1276,5,1,0,8,1954,1897.0,415.0,361233
192,1928,5,1,1,4,1926,768.0,578.0,339238
193,1607,3,1,0,6,1948,1987.0,410.0,365145
194,877,3,2,0,5,1998,561.0,822.0,261979
195,1586,6,2,1,2,1964,1774.0,625.0,323275
196,1692,4,1,1,5,1959,746.0,230.0,342812
197,1058,1,1,0,5,1951,972.0,610.0,242477
198,1576,2,3,0,6,1963,1007.0,362.0,362123
199,1529,3,1,1,8,1918,653.0,527.0,349584
200,928,5,2,0,5,1909,1034.0,353.0,270291
201,1678,3,3,1,7,2010,673.0,61.0,329995
202,1780,3,1,0,3,1886,506.0,495.0,269083
203,2041,2,1,1,6,1872,984.0,213.0,390184
204,2026,4,2,1,3,2006,1635.0,583.0,386494
205,811,4,2,0,8,1872,898.0,534.0,308232
206,1031,3,2,0,7,1920,1376.0,379.0,346056
207,1757,4,3,0,6,1967,661.0,865.0,349040
208,1756,5,1,1,7,1897,486.0,252.0,378391
209,1757,2,2,1,6,1958,1181.0,375.0,313832
210,3426,3,2,1,9,1964,1702.0,275.0,576418
211,1785,3,1,0,7,1973,1083.0,908.0,359832
212,2067,4,2,0,8,1942,1330.0,770.0,471464
213,1977,3,1,0,6,1966,1598.0,215.0,332796
214,1825,4,2,0,3,1989,985.0,334.0,319607
215,1342,4,1,1,6,1990,939.0,341.0,288040
216,1879,3,2,1,3,1922,1188.0,389.0,308329
217,1113,5,2,1,6,1952,1260.0,291.0,300322
218,1381,3,3,0,6,1907,440.0,378.0,338247
219,1257,2,1,2,6,1938,1118.0,700.0,301259
220,1540,4,2,1,1,2000,999.0,889.0,337213
221,2657,4,2,1,4,1985,684.0,191.0,461024
222,566,3,2,1,6,1982,972.0,,288842
223,1843,4,2,0,9,1971,533.0,542.0,409550
224,693,5,2,0,5,1980,395.0,183.0,233228
225,1264,3,3,1,5,1991,1026.0,547.0,320558
226,2044,6,3,0,7,1950,1360.0,608.0,446332
227,1532,2,2,0,6,2005,861.0,640.0,340989
228,961,2,2,1,5,1890,615.0,602.0,224250
229,1142,2,3,1,5,1998,677.0,392.0,225703
230,1839,5,4,1,4,1900,1219.0,463.0,397343
231,1134,4,3,0,9,1895,1666.0,264.0,358445
232,1608,2,2,0,4,1881,1308.0,592.0,288852
233,1522,3,1,1,5,1976,1520.0,820.0,324644
234,1174,4,2,2,2,1926,580.0,592.0,286158
235,2571,2,2,1,4,1873,970.0,360.0,405352
236,1816,5,2,1,7,2006,1407.0,698.0,388472
237,487,4,2,1,4,1982,440.0,973.0,189745
238,1593,3,3,1,3,1909,736.0,548.0,293953
239,1169,5,2,0,6,2002,1376.0,610.0,350090
240,1926,3,3,1,1,1973,1103.0,635.0,302375
241,1103,6,2,1,3,1966,613.0,179.0,254326
242,1442,4,2,1,7,1963,347.0,417.0,336803
243,1752,4,2,0,7,1942,1534.0,397.0,398081
244,1932,2,3,1,8,1895,178.0,666.0,327551
245,899,5,1,0,8,1939,1252.0,643.0,333171
246,1332,3,1,1,6,1999,786.0,475.0,263908
247,1262,2,4,0,3,1964,1418.0,385.0,271680
248,1173,1,1,1,7,1915,583.0,162.0,250984
249,2382,3,2,0,7,2004,2045.0,496.0,443121
250,1702,3,2,0,7,1926,1160.0,309.0,385239
251,869,4,2,0,6,1900,1226.0,284.0,247440
252,1958,5,2,1,4,1908,690.0,685.0,355726
253,2561,2,1,0,7,1986,946.0,664.0,464808
254,2016,4,2,0,7,1874,957.0,402.0,386802
255,740,2,2,1,9,1993,1718.0,186.0,288167
256,1257,4,2,0,4,1914,1160.0,334.0,278356
257,2133,4,1,1,4,1878,1217.0,698.0,396642
258,1146,3,2,1,4,1996,1213.0,593.0,320167
259,1721,4,1,1,7,1920,1251.0,405.0,354926
260,1887,3,1,0,4,1992,444.0,511.0,298182
261,1036,3,1,1,3,1944,1819.0,85.0,238361
262,1470,4,1,0,10,1912,649.0,69.0,368083
263,334,3,3,0,2,1977,984.0,895.0,161813
264,987,3,1,0,7,1948,1612.0,601.0,328214
265,1373,3,3,1,5,1998,1773.0,500.0,319958
266,876,4,4,0,7,1962,1322.0,420.0,271138
267,2316,3,2,1,6,1879,798.0,147.0,408164
268,784,2,1,1,8,1903,1051.0,698.0,300689
269,1279,4,2,0,8,1935,1066.0,272.0,369126
270,1565,4,3,0,1,2009,1080.0,640.0,243652
271,2220,2,2,2,3,1884,507.0,526.0,324309
272,782,3,1,1,5,1964,1504.0,489.0,251303
273,2081,2,2,1,6,1932,1053.0,239.0,419273
274,1505,3,3,0,8,1879,711.0,242.0,344979
275,1009,3,3,0,6,1900,800.0,577.0,252817
276,1731,4,1,0,6,1966,1107.0,515.0,370128
277,1599,4,2,0,4,1912,438.0,509.0,337236
278,1199,4,1,0,7,1882,1351.0,557.0,356725
279,1534,3,1,1,9,1873,1093.0,112.0,374864
280,1307,4,3,0,5,2002,1626.0,703.0,352765
281,1556,3,1,0,6,1951,1031.0,428.0,272006
282,1831,5,1,1,3,1958,565.0,733.0,334411
283,2293,4,0,1,6,1977,520.0,98.0,385623
284,881,2,3,0,6,2010,843.0,613.0,267912
285,2566,4,3,1,4,1888,886.0,611.0,447197
286,523,3,2,0,5,1894,,202.0,194370
287,1424,4,3,0,5,1919,1051.0,372.0,314045
288,1794,2,1,0,6,1891,762.0,288.0,351804
289,1640,2,2,1,6,1873,1101.0,672.0,336720
290,1188,4,2,0,1,1959,791.0,561.0,235036
291,1395,3,1,0,7,1902,1252.0,819.0,369858
292,1253,4,2,0,7,2001,875.0,540.0,308433
293,1205,3,3,1,5,1949,1498.0,646.0,293250
294,1924,4,0,0,3,1875,1260.0,,371758
295,1678,4,1,0,7,1999,1077.0,610.0,362142
296,1153,3,1,0,9,2005,916.0,423.0,349760
297,1949,3,1,0,4,1902,392.0,385.0,270276
298,1653,3,3,1,5,2009,1565.0,484.0,301983
299,1906,1,2,1,4,1892,727.0,659.0,331975
300,1814,3,2,0,6,1894,1036.0,346.0,353331
301,1085,4,3,0,4,2002,1137.0,630.0,300750
302,1219,5,1,0,5,1900,926.0,564.0,346607
303,1873,5,2,0,6,1976,1541.0,249.0,366856
304,1805,4,2,0,6,1923,511.0,620.0,363234
305,1489,4,2,1,5,1986,1693.0,528.0,391546
306,1558,4,4,2,5,1972,1268.0,389.0,335175
307,2138,3,3,2,6,1955,901.0,525.0,396461
308,1204,5,2,1,1,1932,905.0,397.0,200347
309,1773,4,3,1,3,1996,113.0,549.0,370896
310,1398,3,1,1,8,1942,660.0,466.0,281726
311,1391,2,0,0,3,1941,858.0,194.0,254114
312,2049,3,1,1,7,2010,1070.0,472.0,369885
313,1912,3,2,0,8,1979,1503.0,411.0,390907
314,1906,5,2,0,5,1892,1815.0,627.0,431828
315,2152,3,2,1,5,2002,1108.0,675.0,381477
316,1510,3,3,0,6,1953,1082.0,398.0,356824
317,1840,5,2,0,8,1959,803.0,342.0,439720
318,1344,2,2,1,8,1982,313.0,163.0,313927
319,1662,3,1,0,7,1881,757.0,337.0,361172
320,1434,1,0,0,3,1883,917.0,435.0,238976
321,1548,4,2,1,6,1878,1390.0,232.0,352355
322,1797,5,2,1,5,1985,1207.0,678.0,370906
323,1090,3,3,1,6,1897,1088.0,552.0,354291
324,2546,4,1,0,2,1886,767.0,475.0,386981
325,996,3,0,0,4,1904,207.0,496.0,223395
326,892,5,2,1,7,1933,231.0,561.0,308977
327,2079,4,1,1,6,1918,334.0,626.0,363427
328,1895,4,0,1,5,1966,883.0,661.0,382504
329,1812,1,2,0,5,1906,1397.0,438.0,375327
330,1814,5,1,0,8,1947,1386.0,471.0,382152
331,1493,4,2,2,7,1994,1317.0,,391909
332,1051,3,1,0,5,1954,793.0,463.0,259179
333,1537,4,1,1,3,1896,1457.0,674.0,302690
334,1161,3,2,0,5,1928,627.0,745.0,254278
335,1987,5,3,1,8,1903,1341.0,568.0,480597
336,1426,2,2,1,6,1934,330.0,318.0,296619
337,1087,4,3,1,6,1883,529.0,601.0,295081
338,1339,3,1,0,6,1934,1661.0,576.0,344529
339,1706,2,3,1,5,1948,918.0,301.0,326892
340,1218,3,1,1,7,1963,727.0,576.0,293698
341,1088,1,2,0,6,1872,1441.0,391.0,279993
342,1621,3,2,1,3,1941,1486.0,649.0,323489
343,1622,3,3,1,3,2007,826.0,600.0,269475
344,1246,3,2,1,6,2004,1111.0,544.0,303650
345,1264,3,1,1,8,1957,1054.0,507.0,306040
346,1616,3,0,0,5,1910,0.0,73.0,223234
347,775,4,3,0,8,1894,441.0,257.0,290902
348,796,1,2,0,7,1939,1376.0,473.0,250530
349,1140,5,3,1,4,1875,666.0,803.0,323385
350,1393,4,1,1,2,1997,1211.0,612.0,235745
351,1655,4,2,1,3,1892,1105.0,862.0,324786
352,2237,3,0,0,7,1976,1486.0,516.0,406821
353,1928,5,4,0,4,1937,454.0,,325040
354,1420,2,2,1,5,1878,1157.0,785.0,316637
355,1490,2,3,0,6,1920,973.0,468.0,289143
356,998,3,1,0,7,1887,684.0,302.0,274817
357,1490,4,2,1,3,1955,681.0,563.0,312218
358,1355,1,2,0,5,1958,1090.0,724.0,302248
359,1661,3,2,0,6,1969,1251.0,334.0,360787
360,1086,6,3,0,6,1946,1025.0,617.0,360610
361,1759,4,3,0,7,1905,1037.0,481.0,389330
362,2266,3,3,2,4,1897,800.0,590.0,369899
363,1445,2,2,0,7,1937,827.0,562.0,313916
364,1700,4,1,0,6,1996,683.0,417.0,329785
365,1845,3,1,0,6,1934,792.0,478.0,325496
366,1299,2,4,1,6,1958,1237.0,429.0,347175
367,1612,2,0,0,5,1912,1282.0,523.0,323852
368,1506,5,2,1,4,1969,489.0,330.0,264794
369,1548,4,2,0,6,1995,641.0,378.0,313741
370,1113,4,2,0,6,1950,715.0,417.0,265130
371,1512,5,4,0,6,1881,974.0,578.0,377023
372,1748,3,2,1,5,1886,326.0,216.0,338932
373,2225,3,2,1,8,1913,648.0,478.0,437414
374,1979,3,1,0,6,1964,445.0,358.0,333740
375,2576,3,2,1,3,1888,1160.0,417.0,390005
376,1116,3,1,1,5,1880,988.0,367.0,231598
377,1936,4,2,0,7,1985,814.0,538.0,366385
378,1591,3,3,1,7,1907,574.0,468.0,374041
379,2594,5,3,0,6,1907,821.0,642.0,504662
380,1095,3,1,1,8,1919,774.0,580.0,295500
381,1080,3,2,1,5,1922,1653.0,192.0,287072
382,1200,4,3,1,5,1968,1398.0,308.0,333173
383,438,3,1,1,8,1990,723.0,465.0,203493
384,1237,4,1,0,8,1966,1066.0,,314902
385,1120,3,1,1,6,1941,1377.0,325.0,344700
386,1575,3,2,0,8,1945,723.0,760.0,348397
387,1670,2,1,0,3,1951,433.0,672.0,267874
388,2438,3,4,1,8,1939,281.0,171.0,426446
389,1975,3,2,1,5,1948,1508.0,,337530
390,1211,4,2,1,4,1987,923.0,490.0,289308
391,1050,5,1,0,4,1877,1116.0,748.0,279118
392,1745,3,2,1,5,1946,770.0,186.0,331361
393,839,4,2,1,5,1959,492.0,911.0,265435
394,2415,3,3,0,5,1874,567.0,331.0,382453
395,2089,4,3,0,4,1923,463.0,575.0,352508
396,1265,2,2,0,5,1945,1339.0,378.0,277035
397,643,3,3,0,6,1996,1597.0,424.0,247752
398,2176,3,3,2,5,1936,1014.0,162.0,366954
399,1442,3,3,1,5,1923,392.0,739.0,289872
400,2118,1,1,1,7,1947,1198.0,446.0,403765
401,702,2,0,2,8,1960,1505.0,459.0,286862
402,1200,3,1,0,7,1943,1388.0,962.0,340448
403,1502,5,2,1,5,1939,988.0,691.0,397486
404,1523,3,2,0,7,2009,906.0,366.0,321927
405,1274,3,2,1,4,1986,985.0,377.0,308799
406,1811,2,3,0,4,1928,1490.0,551.0,341239
407,966,4,3,1,5,1937,1304.0,654.0,305159
408,1428,3,3,0,7,1961,845.0,850.0,375478
409,1560,2,2,0,4,1921,835.0,178.0,267781
410,1757,3,2,1,3,1885,807.0,645.0,288042
411,1855,0,1,0,4,1887,574.0,677.0,269355
412,937,0,1,1,8,1913,1540.0,342.0,228072
413,732,3,1,0,6,1981,684.0,427.0,252519
414,2138,1,2,1,5,1893,1196.0,173.0,370318
415,1666,2,2,0,6,1939,735.0,399.0,366651
416,1125,3,3,0,6,1890,809.0,546.0,306983
417,2275,4,1,0,6,1937,954.0,818.0,439570
418,1557,3,2,0,4,1944,1218.0,837.0,326381
419,2089,3,2,0,8,1925,896.0,294.0,420911
420,1533,3,1,0,5,1983,544.0,791.0,340149
421,2530,5,2,0,6,1889,1007.0,110.0,442096
422,2377,3,1,0,1,1988,693.0,383.0,312679
423,1375,2,2,1,5,1956,1617.0,439.0,310364
424,1985,4,2,1,5,2010,896.0,550.0,401176
425,1822,2,1,0,6,1910,732.0,521.0,325718
426,2184,3,1,1,3,1976,1789.0,573.0,402516
427,1017,3,2,1,7,1939,1295.0,463.0,358234
428,1843,5,3,0,4,1896,641.0,691.0,382006
429,2029,3,2,1,6,1994,683.0,638.0,406788
430,620,4,2,0,7,1992,1189.0,442.0,284140
431,908,6,2,1,6,1932,1017.0,668.0,294708
432,480,2,3,0,7,1971,1356.0,913.0,250560
433,1365,3,3,1,6,1922,734.0,365.0,294779
434,1858,3,2,1,5,1969,1280.0,835.0,394418
435,2251,3,2,0,7,2008,104.0,383.0,384703
436,1537,3,3,0,5,1873,938.0,782.0,334545
437,2314,5,2,2,6,1876,753.0,390.0,437356
438,809,4,2,0,7,1957,817.0,653.0,268869
439,648,3,0,1,5,2004,958.0,535.0,211091
440,1472,3,3,1,5,1939,1455.0,142.0,334052
441,1692,4,3,1,6,1880,538.0,883.0,364888
442,1483,5,1,1,7,1964,124.0,320.0,324583
443,466,4,2,1,8,2009,584.0,246.0,228093
444,1455,0,2,1,6,1996,1408.0,372.0,307322
445,847,4,1,0,6,1932,342.0,1006.0,310604
446,1834,1,4,0,8,1922,771.0,249.0,362931
447,1683,3,1,0,3,1881,1335.0,535.0,277624
448,1030,1,1,2,4,2005,976.0,275.0,252983
449,1243,3,2,1,7,1933,1451.0,309.0,344423
450,970,4,2,0,7,1984,186.0,180.0,274795
451,1468,2,0,1,8,2004,871.0,563.0,306183
452,1977,3,2,0,5,1993,1534.0,467.0,353134
453,1007,3,2,0,3,1994,549.0,273.0,179857
454,1752,3,1,1,5,1934,1413.0,674.0,368538
455,1234,2,1,0,4,1982,905.0,695.0,290446
456,1103,3,2,1,5,1960,1173.0,581.0,302861
457,1446,4,1,0,7,1922,1505.0,734.0,416457
458,982,2,3,1,3,2003,1171.0,430.0,232132
459,1223,2,3,1,7,1975,763.0,564.0,310908
460,901,3,4,0,5,1994,1224.0,430.0,282884
461,2482,5,1,2,6,1919,735.0,198.0,423882
462,1517,4,4,1,3,1903,1109.0,543.0,334807
463,1150,4,2,0,5,1991,499.0,531.0,265269
464,1606,3,2,0,3,1970,1011.0,493.0,264781
465,1443,3,1,1,9,1945,1475.0,574.0,340526
466,1389,1,1,0,7,1905,880.0,782.0,326342
467,1807,4,2,0,6,1941,1437.0,459.0,371572
468,1878,5,2,0,4,1981,2237.0,308.0,362541
469,1234,4,1,0,8,1887,988.0,450.0,317413
470,1212,5,2,1,5,1930,1245.0,472.0,367243
471,1362,4,1,0,4,1890,1190.0,696.0,273967
472,349,2,2,0,6,1966,1090.0,521.0,230419
473,742,5,2,0,8,1984,1315.0,270.0,319677
474,2183,2,3,0,1,1912,900.0,661.0,359375
475,2322,3,3,1,4,1952,734.0,629.0,391402
476,1375,2,2,0,8,1974,389.0,521.0,285201
477,1788,1,2,2,4,1925,862.0,689.0,346783
478,1655,3,2,0,3,1966,1360.0,723.0,317774
479,3039,3,3,0,6,1933,624.0,424.0,511591
480,2059,3,2,1,8,1970,1098.0,319.0,439999
481,1436,3,1,0,6,1964,950.0,497.0,342576
482,1022,1,1,1,10,1936,751.0,607.0,376522
483,696,2,2,2,6,1939,258.0,478.0,233959
484,1601,3,2,0,3,1899,1545.0,302.0,340051
485,1121,3,3,0,10,1889,1206.0,532.0,357388
486,788,4,1,1,5,1897,2066.0,93.0,279367
487,1176,4,2,0,5,1975,1431.0,435.0,294623
488,959,4,3,0,6,1926,1536.0,670.0,330560
489,2343,4,3,0,5,1990,300.0,681.0,417910
490,1940,3,2,0,3,1995,293.0,0.0,241525
491,1496,4,2,1,1,2005,1016.0,461.0,257976
492,2239,3,2,0,5,2000,,619.0,391117
493,1538,3,3,0,7,1879,727.0,264.0,282185
494,1069,4,1,1,6,1922,2010.0,425.0,319403
495,2261,3,3,0,10,1956,1475.0,741.0,526501
496,1769,4,2,0,5,1896,625.0,403.0,369576
497,981,4,2,1,5,1954,53.0,819.0,245088
498,1404,4,0,0,4,1964,592.0,351.0,304010
499,1062,5,2,1,4,1988,777.0,781.0,319852
500,808,3,2,1,5,2009,871.0,506.0,198422
501,1963,3,1,0,7,1927,488.0,324.0,365644
502,2454,3,2,1,8,1883,1451.0,782.0,489520
503,800,3,4,0,9,1991,715.0,258.0,345789
504,1781,3,2,0,4,1942,1259.0,340.0,339229
505,1174,4,2,1,8,1888,1021.0,597.0,380653
506,1256,4,1,1,5,1993,1375.0,516.0,294120
507,1203,3,2,0,3,1995,904.0,554.0,219878
508,1068,2,1,1,8,1881,630.0,426.0,272094
509,1524,3,2,1,6,1902,760.0,260.0,359624
510,1084,2,3,2,4,1931,766.0,369.0,277337
511,1635,5,2,1,5,1941,1825.0,764.0,448421
512,1474,3,1,0,5,1888,1030.0,232.0,258396
513,1380,2,2,0,7,1921,1001.0,828.0,363733
514,1046,1,2,2,6,1908,1352.0,563.0,305451
515,1211,4,2,0,9,1989,999.0,380.0,349087
516,1877,4,3,1,3,1951,1448.0,99.0,364548
517,1750,3,3,0,5,1882,851.0,125.0,331629
518,1011,2,2,0,6,2005,810.0,428.0,279777
519,1549,3,2,0,6,1994,607.0,404.0,341483
520,1875,3,1,2,5,1906,1740.0,523.0,400922
521,665,4,1,0,7,1904,972.0,843.0,279250
522,1771,3,2,1,8,1889,530.0,607.0,425663
523,1168,3,2,0,8,1884,1078.0,474.0,322406
524,1785,3,2,0,7,1961,739.0,743.0,426033
525,1118,6,2,0,8,1981,844.0,530.0,324673
526,597,3,1,1,6,1872,,819.0,226653
527,686,4,2,0,7,1934,1608.0,365.0,265477
528,1524,2,1,0,5,1905,1040.0,270.0,316071
529,1629,3,1,0,5,1974,,99.0,279373
530,1047,1,3,0,5,1881,798.0,478.0,287563
531,1819,3,0,2,6,1999,1262.0,253.0,344168
532,669,5,2,1,5,1878,216.0,250.0,231762
533,1466,3,1,0,9,1927,582.0,706.0,377152
534,894,1,3,1,5,1951,1085.0,155.0,212806
535,1174,1,2,1,3,1883,317.0,520.0,181590
536,1523,3,1,0,6,1919,874.0,483.0,328362
537,1069,2,2,1,3,1897,808.0,518.0,224278
538,1307,1,2,1,3,1983,1350.0,776.0,288351
539,2003,4,4,0,4,1993,899.0,334.0,338138
540,1211,3,1,0,6,1883,1474.0,776.0,309091
541,1917,3,3,2,5,1913,1031.0,147.0,356114
542,935,5,3,1,7,1932,1710.0,630.0,288163
543,1764,2,3,0,7,1929,445.0,795.0,391386
544,2220,5,2,0,5,1905,1646.0,0.0,388193
545,334,3,2,0,5,1878,835.0,492.0,230009
546,1101,5,2,1,5,1980,1589.0,476.0,302989
547,1788,3,3,1,7,1906,1474.0,514.0,388346
548,1398,4,2,2,3,1886,0.0,842.0,245232
549,1685,6,2,0,1,1896,1191.0,347.0,332075
550,1198,3,2,1,7,1930,1399.0,263.0,334644
551,1543,5,2,1,6,1950,1531.0,515.0,412833
552,1422,3,3,0,4,1957,529.0,724.0,293196
553,2083,3,1,0,4,2005,1236.0,611.0,366527
554,1627,3,3,2,8,1959,1078.0,506.0,352679
555,1668,3,2,1,8,1942,1172.0,454.0,371118
556,1294,2,3,0,7,1992,1399.0,98.0,327652
557,1256,3,2,1,6,1964,1462.0,617.0,341520
558,1283,3,2,0,6,1967,737.0,641.0,355498
559,1697,4,3,1,9,1903,1106.0,361.0,368696
560,1289,4,1,1,9,1924,1016.0,407.0,364096
561,1644,3,3,1,4,1930,904.0,290.0,307714
562,2537,3,2,2,7,1940,942.0,673.0,466267
563,1935,3,2,1,4,2003,1078.0,,355097
564,1336,2,2,0,4,1957,759.0,470.0,263740
565,2100,1,2,1,6,1889,1353.0,625.0,361212
566,1295,3,2,0,5,1952,1507.0,565.0,282440
567,480,3,0,0,8,1985,671.0,612.0,234737
568,995,5,1,0,3,1895,1527.0,534.0,228404
569,564,3,0,0,6,1937,672.0,539.0,211647
570,1324,3,4,1,8,1933,1359.0,537.0,370465
571,1509,3,4,0,8,1925,1526.0,590.0,336779
572,2338,2,2,1,4,2002,962.0,600.0,434600
573,1663,3,2,1,5,1908,675.0,255.0,318581
574,1390,4,2,0,6,1908,764.0,380.0,257085
575,1914,3,2,1,4,2002,1144.0,459.0,359858
576,394,3,3,0,9,1906,1785.0,590.0,295265
577,1617,6,3,0,8,1995,322.0,819.0,374425
578,1885,5,2,1,4,1889,1040.0,337.0,364862
579,760,4,3,0,3,1993,964.0,675.0,216516
580,2071,3,1,0,3,1919,817.0,386.0,330325
581,1669,4,4,1,8,1888,967.0,774.0,399232
582,1292,2,0,1,4,2006,783.0,882.0,249130
583,1816,3,2,0,5,1928,1497.0,150.0,349021
584,2635,1,2,2,5,1879,1536.0,434.0,388837
585,1590,3,2,1,6,1999,1035.0,29.0,328596
586,1624,3,1,1,3,1988,943.0,162.0,299501
587,1270,3,3,0,4,1927,802.0,174.0,299635
588,1075,5,1,1,8,1997,1036.0,624.0,372104
589,1915,5,2,1,8,1930,1739.0,587.0,486983
590,1071,4,1,1,7,1929,958.0,660.0,303822
591,1535,3,2,1,1,1979,664.0,621.0,236094
592,1261,5,2,0,5,1945,840.0,597.0,333313
593,1739,2,2,0,6,1972,1301.0,522.0,344987
594,1666,4,1,0,5,1919,712.0,473.0,325486
595,2018,2,1,0,8,1942,986.0,703.0,422771
596,1244,4,2,1,6,1987,1189.0,502.0,379527
597,1365,3,3,0,3,1993,743.0,605.0,294360
598,1010,5,3,2,8,1949,294.0,33.0,315217
599,1277,5,1,2,9,1900,571.0,264.0,322862
600,1688,2,2,0,3,1964,656.0,696.0,324253
601,1878,3,1,0,6,1944,908.0,366.0,364596
602,1038,6,0,1,5,1971,1017.0,220.0,271481
603,1934,3,2,2,5,1945,1329.0,628.0,372879
604,2177,5,2,0,4,1966,509.0,500.0,366598
605,1706,3,1,0,6,1888,1271.0,418.0,348449
606,2438,3,1,1,9,2008,851.0,801.0,441794
607,1113,3,0,1,6,1968,285.0,767.0,302880
608,877,2,3,0,3,1880,1005.0,462.0,244696
609,610,4,4,1,6,2006,1526.0,644.0,294152
610,2248,3,1,0,5,1890,1353.0,52.0,364353
611,1827,3,1,0,8,2005,969.0,718.0,397660
612,1472,3,3,0,5,1985,1450.0,282.0,333394
613,1639,3,3,0,4,2010,1076.0,209.0,311037
614,937,5,2,0,4,1996,1392.0,142.0,291417
615,2722,6,1,0,7,1932,335.0,127.0,420827
616,1564,3,0,0,5,1913,500.0,716.0,282391
617,1554,4,2,0,7,1884,1291.0,626.0,393251
618,1862,4,2,0,4,1956,1615.0,346.0,369896
619,1740,3,0,2,5,1891,1166.0,670.0,325841
620,1611,5,2,0,6,1921,801.0,381.0,361931
621,1104,2,0,0,8,1963,659.0,564.0,270555
622,1735,2,3,1,8,1959,873.0,403.0,373507
623,2441,4,2,2,4,1940,1485.0,476.0,454282
624,2172,3,0,0,5,1908,862.0,318.0,379007
625,2296,4,2,1,4,1970,1419.0,348.0,411295
626,1244,5,2,1,6,1996,1261.0,608.0,319571
627,1005,2,4,1,6,1925,1685.0,640.0,308958
628,1437,5,2,0,8,2001,1080.0,417.0,380741
629,1527,3,1,1,8,1912,980.0,194.0,383345
630,2047,3,2,0,5,1916,1439.0,994.0,359370
631,653,4,1,1,6,1974,625.0,507.0,222726
632,2264,5,3,1,8,1977,822.0,562.0,498105
633,1420,1,2,0,7,2008,327.0,247.0,326594
634,1286,3,2,1,1,1999,498.0,743.0,235967
635,993,4,1,0,5,1957,1769.0,773.0,342100
636,672,4,2,1,5,1918,1276.0,158.0,223865
637,1911,4,3,0,4,1876,451.0,479.0,303359
638,1536,2,3,0,4,1872,1477.0,463.0,333285
639,855,3,1,0,2,1915,718.0,977.0,241737
640,852,3,1,2,6,1909,1256.0,788.0,317300
641,1332,4,3,0,5,1890,1250.0,209.0,290473
642,2334,3,3,0,3,1986,1665.0,354.0,400294
643,1370,3,1,0,4,1958,784.0,321.0,289755
644,748,5,2,1,7,1994,703.0,574.0,300574
645,1377,0,2,1,8,1953,0.0,814.0,343568
646,1363,6,3,0,6,1929,951.0,,345493
647,334,4,1,0,5,1938,1290.0,600.0,213734
648,1472,4,1,0,9,1993,1344.0,367.0,390254
649,1384,3,3,0,4,1958,1500.0,599.0,339573
650,1848,1,1,0,4,2002,1115.0,405.0,307188
651,2424,4,2,1,5,1926,1201.0,171.0,439255
652,2063,4,2,0,4,1960,1027.0,586.0,414165
653,1365,4,2,0,5,1929,1282.0,498.0,308878
654,946,2,2,0,8,1934,626.0,280.0,272663
655,2786,4,2,2,6,1962,436.0,829.0,500633
656,1529,4,1,2,5,1923,668.0,346.0,361618
657,1506,4,2,1,8,1997,1085.0,621.0,403238
658,1487,4,3,0,2,1895,479.0,427.0,248744
659,1599,4,3,0,4,1943,746.0,808.0,340204
660,1427,4,1,0,6,1880,759.0,452.0,339054
661,1213,2,1,0,6,1981,1312.0,165.0,263495
662,1226,3,1,1,2,1965,,662.0,229790
663,1483,2,2,1,5,1988,1028.0,807.0,316695
664,1228,3,2,1,6,1954,1180.0,414.0,328450
665,1143,3,2,1,6,1951,1188.0,635.0,278159
666,1553,2,1,0,6,1971,854.0,525.0,300643
667,1372,3,0,1,5,1911,783.0,423.0,288501
668,2251,2,2,0,3,1974,1614.0,668.0,406702
669,334,4,2,0,5,1933,4.0,339.0,181485
670,2045,5,1,1,3,1940,703.0,506.0,358697
671,2123,2,2,0,8,1980,918.0,551.0,441503
672,463,5,1,0,6,1875,,544.0,285931
673,1328,3,3,0,5,1943,1454.0,344.0,352967
674,1314,3,3,1,7,1888,1742.0,911.0,325965
675,796,2,1,1,6,1985,963.0,752.0,261771
676,1111,3,1,0,5,1956,990.0,698.0,301832
677,944,4,2,1,7,1928,1145.0,786.0,363584
678,2376,4,1,0,8,1978,787.0,513.0,464154
679,1967,1,2,0,6,1919,526.0,425.0,319450
680,2135,2,3,1,2,1988,961.0,282.0,312334
681,1860,3,2,1,6,1902,1298.0,359.0,356424
682,935,3,3,2,7,1983,902.0,297.0,305777
683,1237,3,2,0,4,1918,1165.0,394.0,263814
684,1744,3,1,1,4,2005,252.0,555.0,229793
685,888,4,2,1,8,1979,1007.0,682.0,295282
686,1856,5,2,1,2,1943,838.0,677.0,323363
687,1379,3,2,0,7,1942,489.0,265.0,276707
688,1312,5,1,1,6,1979,1262.0,,314651
689,1855,3,1,1,5,1924,1738.0,728.0,430734
690,1722,3,4,0,1,1887,1395.0,449.0,302644
691,1319,3,1,0,7,1987,1421.0,739.0,336287
692,2079,4,4,0,5,1944,1284.0,675.0,433803
693,959,5,4,1,6,1945,1258.0,247.0,344921
694,1807,3,3,1,6,1952,280.0,938.0,427735
695,1796,3,2,1,7,1883,948.0,356.0,413564
696,1345,4,2,1,9,1999,1203.0,691.0,403550
697,1663,2,3,1,6,1941,1212.0,684.0,326249
698,874,5,1,0,5,1912,1508.0,255.0,245877
699,1962,3,2,0,9,1930,587.0,535.0,402163
700,1407,3,2,0,6,1960,1242.0,681.0,351364
701,1238,3,2,0,5,1895,573.0,253.0,268717
702,2024,4,2,0,3,1951,915.0,519.0,311834
703,1147,2,2,1,7,2005,975.0,698.0,275326
704,795,4,2,0,5,2003,1345.0,711.0,285415
705,721,3,3,0,6,1963,1297.0,420.0,272461
706,1803,4,1,0,6,1963,1048.0,808.0,374463
707,859,4,3,0,4,1952,139.0,761.0,253683
708,2377,4,2,1,6,1942,1177.0,548.0,472700
709,459,3,3,1,3,1936,892.0,368.0,194431
710,2348,3,2,1,5,1923,1556.0,266.0,389228
711,1605,2,3,0,6,1901,1461.0,575.0,403760
712,1451,4,0,1,5,1970,624.0,792.0,308092
713,1227,3,3,1,7,1969,1232.0,470.0,340659
714,1699,3,0,1,7,1913,1240.0,328.0,338028
715,1481,3,3,0,7,2010,1211.0,664.0,343129
716,2051,2,4,1,2,1898,1159.0,534.0,316805
717,1557,4,1,1,4,1943,1252.0,603.0,295710
718,1575,1,1,1,6,1889,1600.0,394.0,251961
719,1318,4,3,1,8,1948,779.0,426.0,353203
720,1471,3,1,0,7,1916,637.0,394.0,347828
721,1653,0,3,1,7,1986,1313.0,599.0,335842
722,644,3,1,0,5,1958,246.0,432.0,263447
723,825,1,1,1,5,1963,1261.0,618.0,274359
724,1871,3,4,0,6,1893,1190.0,375.0,383494
725,1585,4,2,0,4,1963,61.0,599.0,270162
726,1408,2,3,0,2,1948,745.0,640.0,219722
727,1509,4,2,1,8,1896,1630.0,566.0,393897
728,1673,0,2,0,4,1979,417.0,683.0,283283
729,1230,3,2,1,4,2006,1085.0,403.0,276360
730,1110,4,2,1,3,1980,598.0,638.0,284693
731,1597,3,2,0,8,2005,716.0,546.0,406197
732,1010,2,2,0,6,1895,1766.0,338.0,299566
733,1704,3,2,0,6,1890,1049.0,118.0,349751
734,648,3,1,1,8,1954,1206.0,161.0,258731
735,2014,4,3,1,5,1986,955.0,58.0,374047
736,1736,3,1,0,6,1880,393.0,585.0,340580
737,1628,4,2,0,2,1983,526.0,435.0,272711
738,1991,5,1,1,4,1973,1471.0,517.0,400581
739,2332,3,2,1,7,1919,1061.0,463.0,407595
740,2007,5,2,1,7,1940,691.0,616.0,399264
741,579,3,1,1,5,1990,991.0,622.0,202337
742,860,5,1,0,5,1916,1264.0,508.0,255824
743,1187,2,1,0,6,1996,1181.0,520.0,285047
744,1513,4,2,0,1,1885,692.0,528.0,283657
745,1758,3,3,0,4,2005,369.0,778.0,332775
746,1137,3,0,0,4,2006,837.0,99.0,200462
747,1593,4,2,0,5,1908,1443.0,365.0,308040
748,1122,4,2,0,7,1924,1341.0,673.0,325650
749,1194,0,2,1,5,1889,1164.0,,292970
750,796,2,3,1,4,1909,931.0,585.0,268954
751,1038,4,2,1,6,2000,793.0,463.0,255840
752,824,4,2,1,8,1915,939.0,872.0,330008
753,1012,5,0,0,4,1918,1312.0,535.0,257313
754,2026,4,1,1,3,1906,1404.0,506.0,348654
755,1025,5,1,0,5,1931,895.0,766.0,262433
756,2816,4,0,1,7,1961,2014.0,595.0,506868
757,1746,3,2,0,6,1923,1036.0,687.0,337080
758,1592,2,2,2,7,1879,861.0,711.0,349273
759,1070,4,2,0,9,1978,1590.0,425.0,389806
760,1850,4,1,0,7,2002,184.0,853.0,393020
761,1212,1,1,1,6,1967,1192.0,7.0,314933
762,1561,3,2,0,6,1897,970.0,104.0,332868
763,2780,5,4,1,2,1982,1579.0,363.0,458852
764,1451,3,1,1,9,1994,1241.0,415.0,388952
765,2074,3,3,1,5,1922,1055.0,572.0,371135
766,1148,3,2,2,4,1994,1265.0,362.0,228279
767,1482,2,2,2,6,1876,577.0,497.0,332594
768,2385,3,2,0,5,1948,1386.0,458.0,371416
769,1186,3,1,1,6,1872,462.0,900.0,321600
770,2406,1,1,1,6,1882,1143.0,339.0,412820
771,1853,4,2,1,5,1879,1014.0,163.0,329451
772,1218,3,2,0,7,1903,294.0,723.0,294287
773,1816,4,3,1,5,1899,1027.0,357.0,363851
774,1986,4,2,2,5,2002,1112.0,481.0,366745
775,1810,3,1,1,6,1999,738.0,370.0,362903
776,714,4,2,0,6,1933,595.0,647.0,272996
777,1136,3,1,0,7,1898,1196.0,225.0,259805
778,1376,5,2,0,5,1916,1144.0,0.0,287642
779,1462,3,2,1,6,1976,1090.0,759.0,346639
780,1810,4,3,1,4,1963,1003.0,549.0,387214
781,1588,3,3,0,8,1896,773.0,714.0,395157
782,832,3,2,0,5,1915,1908.0,752.0,228497
783,1690,2,2,0,7,2007,880.0,316.0,341590
784,1805,4,3,0,2,1951,653.0,512.0,323436
785,1779,4,1,1,4,1953,1021.0,601.0,321721
786,2040,3,0,1,6,2006,927.0,478.0,352794
787,1916,4,1,0,8,1959,871.0,437.0,381986
788,1729,3,1,1,6,1998,1749.0,457.0,367350
789,1464,4,2,0,8,1926,548.0,716.0,338802
790,669,2,2,2,6,1927,1014.0,448.0,261588
791,1714,5,2,0,6,1886,574.0,620.0,341702
792,1603,3,0,0,3,1929,783.0,569.0,251596
793,1635,3,2,0,7,1959,1694.0,307.0,365082
794,861,1,2,1,4,1968,1112.0,560.0,266732
795,959,2,2,1,8,1879,1107.0,192.0,303371
796,2026,3,2,1,8,1911,624.0,580.0,424291
797,1480,3,2,0,8,1885,830.0,678.0,366926
798,1840,4,1,0,6,1924,1729.0,724.0,374855
799,1514,1,1,0,6,1998,1199.0,309.0,291128
800,1514,3,3,1,7,1951,864.0,392.0,332800
801,1969,3,3,0,4,1986,1176.0,556.0,394509
802,1241,1,2,1,6,2005,1107.0,404.0,300603
803,1548,2,1,1,2,1926,664.0,114.0,195397
804,1268,3,2,1,6,1915,852.0,391.0,339566
805,1282,3,2,0,4,1889,1901.0,556.0,299121
806,1345,3,3,0,4,1887,1156.0,713.0,321884
807,1611,3,1,0,5,1883,372.0,837.0,338698
808,1260,3,0,1,5,1916,1204.0,524.0,223328
809,2127,0,2,1,6,1964,1521.0,613.0,401914
810,1052,3,2,0,3,1893,638.0,692.0,230855
811,1406,5,1,0,6,1968,817.0,89.0,254022
812,1280,3,0,1,4,1918,1581.0,296.0,248356
813,2223,4,2,1,6,1900,1013.0,520.0,406624
814,1598,3,3,0,6,1916,942.0,811.0,380941
815,2015,4,4,1,6,1948,,625.0,398944
816,757,4,2,0,7,1880,1428.0,565.0,299343
817,1633,3,2,0,5,1895,924.0,454.0,315526
818,1944,5,1,1,7,1886,131.0,585.0,409727
819,1541,2,2,1,5,1884,370.0,380.0,302125
820,2032,1,2,1,6,1962,775.0,344.0,361881
821,1241,4,2,0,6,1972,570.0,361.0,271161
822,2204,4,2,1,1,1942,633.0,768.0,344705
823,2649,2,1,0,6,1993,1937.0,331.0,522946
824,1318,3,1,0,6,1947,1283.0,420.0,331821
825,1277,1,2,1,5,1987,0.0,594.0,236826
826,2226,3,1,0,3,1932,874.0,323.0,387151
827,2289,4,1,1,3,1997,964.0,545.0,356385
828,1238,3,4,1,8,1872,409.0,545.0,354827
829,1289,3,2,0,6,1939,1213.0,375.0,311585
830,1359,3,2,0,3,1959,183.0,448.0,252313
831,827,0,3,0,5,1892,1438.0,311.0,236850
832,1040,3,4,0,6,2006,1576.0,776.0,327930
833,997,4,2,1,7,1874,1941.0,551.0,328436
834,1116,5,3,1,2,1922,370.0,290.0,204979
835,1482,4,2,0,4,1950,451.0,525.0,267604
836,1617,1,2,0,8,1966,1277.0,534.0,373519
837,2275,5,2,1,1,1994,1473.0,51.0,340862
838,1000,4,2,1,4,1877,1323.0,768.0,261009
839,1992,4,2,0,9,1888,1431.0,302.0,509793
840,1393,3,2,0,6,1988,1550.0,918.0,419653
841,1475,3,1,1,5,1931,1080.0,659.0,333830
842,1837,3,2,0,3,1996,914.0,274.0,330417
843,938,2,1,0,2,1952,452.0,437.0,159629
844,1691,3,2,1,4,1956,880.0,684.0,300528
845,1583,3,2,1,8,1922,942.0,452.0,361731
846,1746,3,2,1,5,2010,620.0,735.0,347607
847,1644,4,3,1,7,1942,984.0,424.0,398306
848,2727,3,3,1,8,1910,575.0,484.0,436551
849,1181,1,2,0,5,1940,1445.0,690.0,340231
850,1234,5,2,0,4,1919,1170.0,620.0,310950
851,1188,5,2,0,6,1996,816.0,314.0,272372
852,1222,4,1,0,8,1928,1075.0,586.0,345726
853,1181,6,0,1,7,1892,557.0,533.0,296668
854,2094,3,1,1,3,1953,598.0,317.0,299856
855,2210,5,2,2,6,1970,746.0,221.0,387659
856,1214,2,2,1,6,1886,923.0,113.0,270997
857,1083,3,3,0,8,1940,1056.0,441.0,380687
858,1735,3,1,0,3,1947,1058.0,489.0,306966
859,1223,2,1,1,6,1933,472.0,600.0,295957
860,1816,2,4,1,8,1990,967.0,664.0,435632
861,1601,4,1,1,5,1908,672.0,417.0,315221
862,742,4,2,1,6,2005,0.0,483.0,214244
863,2273,3,2,1,3,1897,2230.0,348.0,357501
864,2397,2,2,1,5,1879,680.0,517.0,379543
865,1193,4,1,0,5,1875,702.0,693.0,312928
866,1306,4,1,1,8,1892,461.0,520.0,354714
867,1642,3,1,1,5,1896,577.0,732.0,328499
868,1667,4,2,0,6,1914,924.0,690.0,372941
869,1829,3,2,1,6,1908,1540.0,791.0,392219
870,2505,3,1,0,4,1913,922.0,525.0,380272
871,1411,5,2,2,6,1963,870.0,393.0,326115
872,1100,3,3,0,7,1932,1480.0,624.0,297673
873,810,3,0,1,8,1939,790.0,425.0,317078
874,1134,5,2,0,6,1924,1008.0,617.0,324298
875,1483,4,2,1,6,1955,631.0,367.0,318098
876,2397,2,1,0,3,1905,1674.0,334.0,416559
877,1241,2,2,0,8,1947,1419.0,743.0,399539
878,1611,0,2,0,4,1968,938.0,297.0,343648
879,1491,4,3,1,7,1901,840.0,704.0,363801
880,2094,3,3,0,5,1959,987.0,617.0,392770
881,2763,2,2,0,8,1878,944.0,518.0,491013
882,1234,5,2,1,7,1907,381.0,121.0,351074
883,1255,3,2,1,7,1909,1433.0,797.0,351870
884,2022,3,2,1,4,1923,909.0,313.0,323056
885,1840,3,2,0,5,1964,,690.0,364235
886,2423,4,1,1,6,1978,1168.0,361.0,461615
887,1791,2,2,0,7,1997,0.0,345.0,348775
888,1320,3,2,0,3,1920,487.0,633.0,254107
889,1795,4,2,1,9,1892,141.0,607.0,391142
890,2054,3,3,1,8,1886,482.0,270.0,398138
891,1910,3,0,1,5,1885,346.0,787.0,366585
892,1753,3,2,0,7,1913,1101.0,458.0,353076
893,2033,1,1,0,6,1886,873.0,513.0,321474
894,2084,2,3,0,6,1934,1296.0,440.0,440500
895,2191,3,2,2,5,1898,984.0,279.0,383806
896,1824,2,2,0,6,1964,903.0,647.0,357086
897,1416,1,2,0,7,1976,1801.0,557.0,363984
898,1573,4,2,0,5,1924,1089.0,338.0,305467
899,2103,6,3,1,6,1923,967.0,688.0,459242
900,1091,4,2,0,6,1934,658.0,510.0,281871
901,1684,4,2,1,7,1928,529.0,515.0,393911
902,1303,3,3,0,3,1991,1308.0,855.0,263446
903,1514,5,1,1,8,1923,1284.0,178.0,385956
904,2139,2,1,0,6,1978,1628.0,175.0,380359
905,1595,5,2,1,5,1914,1191.0,220.0,326613
906,1523,6,4,1,4,2006,842.0,572.0,375523
907,820,4,2,0,6,1988,1204.0,428.0,276431
908,1873,6,1,2,8,1875,967.0,444.0,434970
909,1822,3,2,0,5,2004,1346.0,311.0,387362
910,2581,3,2,1,7,1951,1533.0,833.0,509247
911,1346,3,1,1,3,1912,932.0,900.0,253650
912,1609,3,2,0,6,2003,1702.0,,361226
913,1624,2,4,0,10,1873,1475.0,198.0,421202
914,2288,4,2,0,7,1914,1007.0,402.0,451136
915,1452,6,2,0,4,1953,1268.0,665.0,333216
916,1639,2,2,0,6,1979,1122.0,490.0,346556
917,1803,4,1,0,4,2008,1008.0,680.0,350429
918,1593,5,3,0,5,1897,1765.0,749.0,393832
919,1276,5,2,1,7,1953,1207.0,881.0,341726
920,1597,5,2,0,7,1954,663.0,369.0,327174
921,2036,3,2,0,4,2002,588.0,516.0,290999
922,986,5,2,1,8,1944,,411.0,322529
923,1566,4,2,0,6,1971,1195.0,99.0,306355
924,1149,2,1,0,5,1920,863.0,640.0,318308
925,2097,3,3,0,6,1934,1133.0,612.0,424722
926,738,4,3,1,6,1926,1374.0,390.0,254873
927,1220,3,2,1,6,1905,1811.0,180.0,346658
928,1688,4,4,0,6,1976,872.0,423.0,400617
929,2282,4,1,1,6,1976,436.0,646.0,437888
930,1467,2,2,1,4,1940,1716.0,767.0,305158
931,1222,3,2,1,7,1886,417.0,357.0,315691
932,2440,4,2,1,6,1874,401.0,721.0,458961
933,775,3,2,1,4,1874,1706.0,624.0,296111
934,400,1,2,0,7,1973,1426.0,582.0,197116
935,1720,0,1,0,8,1875,1193.0,241.0,333239
936,1248,3,2,0,8,1959,980.0,249.0,306509
937,989,5,1,1,5,1916,904.0,333.0,318243
938,1854,3,2,1,4,1916,739.0,434.0,342506
939,1621,4,1,1,6,1946,886.0,860.0,384161
940,1217,3,1,2,3,1880,981.0,367.0,262218
941,859,3,2,0,8,1989,450.0,654.0,299892
942,1936,4,2,1,4,1936,671.0,407.0,324727
943,1825,4,3,1,5,2002,155.0,594.0,342347
944,1450,2,2,2,5,1897,1031.0,487.0,310547
945,2423,3,2,2,5,1897,1031.0,535.0,401765
946,964,1,3,1,7,1894,1711.0,573.0,287020
947,737,3,2,0,6,1901,1150.0,450.0,251608
948,1154,4,1,1,4,1881,777.0,574.0,252091
949,1477,2,2,0,5,1943,919.0,746.0,314005
950,1621,3,3,1,6,1935,1194.0,349.0,345058
951,1379,3,2,1,4,1994,1091.0,737.0,292188
952,1676,5,1,0,6,1976,1231.0,446.0,345479
953,874,6,1,1,6,1945,1150.0,425.0,297802
954,2221,1,1,0,7,1976,898.0,639.0,418107
955,1458,4,2,0,8,1918,,431.0,374261
956,2058,3,2,0,8,1958,764.0,563.0,376467
957,1671,3,1,1,8,1924,629.0,545.0,386963
958,1728,4,3,1,4,2000,567.0,83.0,336725
959,1784,5,3,1,4,1873,1735.0,583.0,407101
960,1723,5,2,0,5,1929,1049.0,211.0,376250
961,1821,3,3,1,8,1943,937.0,227.0,375748
962,2164,3,1,1,9,1898,801.0,573.0,427254
963,1598,4,2,0,8,1900,1171.0,607.0,434471
964,1854,3,2,0,3,1886,1481.0,741.0,387546
965,1455,3,3,0,8,2000,1289.0,282.0,367035
966,2220,3,3,1,5,1931,1368.0,351.0,421207
967,1161,4,1,1,1,1978,765.0,592.0,245394
968,2400,3,3,1,5,1874,998.0,744.0,469841
969,1479,2,1,0,2,1986,770.0,538.0,257952
970,784,5,3,1,6,1923,1042.0,324.0,255962
971,1564,2,4,0,5,1931,1509.0,801.0,344859
972,1159,3,1,0,6,1905,1175.0,447.0,370118
973,1920,3,2,1,6,1967,1650.0,453.0,366004
974,1173,1,0,0,8,1960,884.0,212.0,281056
975,1276,1,2,1,6,1931,677.0,644.0,347558
976,555,2,2,0,5,1890,1204.0,670.0,203426
977,1273,5,2,1,7,1982,1047.0,358.0,278457
978,334,3,3,0,8,1893,1129.0,850.0,205845
979,708,5,2,1,3,1999,1069.0,382.0,212744
980,1880,3,2,0,6,1906,806.0,625.0,323906
981,1892,3,3,0,5,1978,1078.0,544.0,396629
982,1712,3,4,1,2,1999,1389.0,94.0,318783
983,1016,3,0,0,6,1954,1430.0,608.0,232674
984,1476,4,4,1,8,2009,804.0,590.0,351386
985,1498,3,1,2,4,2010,1092.0,146.0,325403
986,920,3,3,0,7,1982,1590.0,805.0,334328
987,2251,5,1,0,8,1961,812.0,591.0,484490
988,1938,5,1,1,8,1895,740.0,747.0,450105
989,1389,5,2,2,5,1948,1317.0,156.0,301786
990,1513,3,2,1,8,1972,1247.0,417.0,395539
991,1604,4,2,1,5,2003,665.0,736.0,358511
992,479,3,1,1,6,1884,440.0,186.0,145196
993,1376,3,2,0,3,1969,1084.0,423.0,241940
994,1159,2,3,2,2,1991,832.0,581.0,306091
995,999,3,2,2,7,1908,326.0,121.0,245228
996,1359,2,1,0,5,1919,725.0,235.0,275788
997,2398,3,2,0,5,1872,1241.0,776.0,417403
998,1820,4,0,0,4,1931,939.0,511.0,331253
999,1214,2,3,0,6,2010,1626.0,735.0,330467
1000,1786,2,3,1,1,1915,165.0,536.0,287369
1001,2199,2,2,0,7,1986,1535.0,991.0,468864
1002,1962,5,2,0,3,1979,862.0,587.0,357938
1003,1529,3,3,0,4,1915,804.0,753.0,293778
1004,1176,3,2,2,5,1949,379.0,450.0,258700
1005,1849,4,3,1,6,1896,1186.0,542.0,355062
1006,1696,4,2,0,5,2003,269.0,628.0,325079
1007,1947,3,3,0,5,1987,1327.0,,344639
1008,1817,4,2,2,9,1990,394.0,492.0,416671
1009,2024,4,2,1,6,1881,457.0,,387059
1010,1232,4,4,0,2,1980,523.0,600.0,288521
1011,2158,2,2,0,5,1906,713.0,600.0,336487
1012,1598,5,2,0,8,2005,1376.0,294.0,369785
1013,2537,3,1,0,5,1890,1601.0,544.0,468607
1014,1155,3,2,1,3,1879,754.0,564.0,214911
1015,2367,3,2,1,7,1881,981.0,304.0,478120
1016,1598,1,1,0,6,1900,1195.0,681.0,302292
1017,1174,2,1,1,6,1886,868.0,582.0,259597
1018,1258,4,2,0,3,1958,1180.0,966.0,319310
1019,1339,0,3,1,4,1894,998.0,494.0,279534
1020,1712,3,2,1,6,1917,898.0,727.0,403608
1021,1761,3,1,0,4,1899,432.0,607.0,258507
1022,1213,1,2,0,6,1897,1059.0,884.0,312120
1023,1487,5,1,1,6,1881,1383.0,306.0,346830
1024,2571,3,2,0,5,1875,688.0,400.0,381071
1025,2363,3,1,0,8,1926,212.0,312.0,455976
1026,1718,3,1,1,7,1937,872.0,484.0,366553
1027,1519,3,1,2,7,1938,1603.0,275.0,356818
1028,1560,0,2,0,3,2006,1484.0,194.0,280430
1029,1806,4,1,1,3,1926,767.0,73.0,256121
1030,988,5,2,0,6,1902,1182.0,60.0,256044
1031,1371,3,2,1,4,1945,1245.0,631.0,298124
1032,665,4,2,1,9,1890,1596.0,408.0,327610
1033,1699,4,2,1,4,1952,,253.0,340355
1034,1823,4,3,0,6,1958,572.0,368.0,343456
1035,1258,3,1,1,5,1891,196.0,394.0,230657
1036,2286,3,2,1,6,1884,728.0,307.0,408955
1037,887,3,1,0,3,1948,1426.0,821.0,240822
1038,767,4,1,0,5,1914,776.0,783.0,201468
1039,1612,4,2,0,5,2010,476.0,817.0,316200
1040,2023,2,2,0,8,1921,1090.0,535.0,403405
1041,2341,3,3,1,2,1899,1100.0,556.0,367934
1042,1270,5,2,0,8,1875,593.0,369.0,341046
1043,2039,4,4,0,7,1893,797.0,330.0,379652
1044,1480,6,0,1,5,1990,1060.0,504.0,334684
1045,1413,4,1,0,7,1972,1298.0,630.0,380216
1046,1941,3,0,1,2,1910,740.0,739.0,232669
1047,1826,3,1,0,9,1905,682.0,390.0,379350
1048,711,4,2,2,6,1968,1765.0,249.0,244360
1049,2238,2,2,1,5,1915,890.0,,385784
1050,2190,3,0,1,5,1911,1099.0,136.0,323840
1051,1187,4,3,0,3,1968,1259.0,492.0,286401
1052,1697,2,3,1,9,2001,285.0,517.0,422145
1053,1747,4,1,0,2,1945,992.0,424.0,271683
1054,1630,3,1,0,6,1957,341.0,190.0,285318
1055,1224,5,1,0,5,1961,947.0,426.0,286653
1056,1164,1,1,1,8,1938,1549.0,828.0,342357
1057,1487,3,1,0,4,1947,600.0,618.0,260793
1058,2086,3,2,1,6,1963,333.0,732.0,376014
1059,1771,3,1,0,6,1881,1755.0,256.0,344802
1060,1314,4,2,0,7,1957,541.0,551.0,316356
1061,1885,4,4,1,3,1973,400.0,517.0,348590
1062,334,2,2,0,4,1979,1647.0,521.0,211876
1063,2074,3,3,1,4,1962,525.0,611.0,326269
1064,630,3,1,0,7,1950,1657.0,529.0,282032
1065,1318,3,2,1,4,1957,1109.0,262.0,361544
1066,940,5,2,1,6,1978,1513.0,622.0,361275
1067,852,4,1,0,4,1972,1074.0,668.0,234193
1068,2080,4,0,0,8,1979,1431.0,763.0,443197
1069,1266,4,2,1,8,1931,632.0,772.0,351650
1070,1673,3,2,1,6,1919,754.0,595.0,360656
1071,1476,5,2,0,5,1988,153.0,271.0,292374
1072,1738,4,2,0,4,1977,1388.0,194.0,330821
1073,1538,4,2,1,2,1904,1167.0,454.0,273399
1074,858,5,0,1,5,1915,,683.0,282665
1075,1998,3,2,0,6,1983,300.0,671.0,378064
1076,1253,4,1,0,6,1960,1112.0,554.0,324283
1077,721,2,1,0,8,1907,1670.0,492.0,315189
1078,1285,3,4,1,5,1952,944.0,880.0,360949
1079,2250,3,2,0,6,1959,736.0,614.0,431202
1080,1925,5,2,2,6,2001,625.0,482.0,424159
1081,1325,4,2,0,6,1902,1499.0,370.0,371936
1082,1325,4,2,0,5,1979,688.0,298.0,270344
1083,1339,4,1,1,6,1901,851.0,278.0,299633
1084,2538,3,1,1,6,1883,1416.0,298.0,451573
1085,1690,5,1,1,7,1922,1254.0,556.0,369321
1086,1715,3,3,0,8,1992,866.0,496.0,381338
1087,2015,3,2,1,5,2010,720.0,434.0,370320
1088,1619,2,2,1,2,1884,1586.0,647.0,293306
1089,1370,4,2,0,6,1962,553.0,861.0,333280
1090,1401,4,3,0,6,1945,915.0,335.0,303065
1091,1464,3,1,0,4,1891,397.0,365.0,264016
1092,1481,1,1,0,7,1943,1475.0,56.0,317590
1093,1863,4,2,1,9,1944,810.0,494.0,462435
1094,1525,1,3,0,8,1942,720.0,474.0,336944
1095,1866,4,4,2,4,1949,1264.0,678.0,372333
1096,1459,5,1,1,8,1899,429.0,482.0,372323
1097,1539,3,3,1,7,2001,1254.0,382.0,289981
1098,500,3,3,1,6,1992,855.0,538.0,236336
1099,1958,4,1,0,6,1914,517.0,611.0,356107
1100,1673,4,2,0,7,1879,603.0,176.0,353403
1101,1999,3,2,0,6,1884,726.0,701.0,410575
1102,334,5,4,1,5,1982,822.0,761.0,286882
1103,2544,1,1,0,6,1906,520.0,609.0,403333
1104,1430,3,3,1,6,1894,1117.0,313.0,292437
1105,2054,4,2,0,4,1917,510.0,434.0,336555
1106,980,5,2,0,8,1886,53.0,736.0,298716
1107,1806,2,2,0,6,2001,1767.0,304.0,380500
1108,973,4,2,1,6,1932,1079.0,,302176
1109,1188,3,3,1,3,1986,1803.0,489.0,277042
1110,2457,3,3,0,6,1935,582.0,532.0,393398
1111,1404,2,3,1,3,1923,1191.0,332.0,256345
1112,1608,5,1,0,3,1940,1357.0,566.0,301016
1113,1935,2,2,2,6,1938,924.0,551.0,414199
1114,1747,3,1,1,5,1954,422.0,198.0,290238
1115,1575,3,2,0,6,1873,894.0,499.0,334933
1116,1682,5,2,1,3,1949,1250.0,622.0,366741
1117,2701,4,2,0,5,1899,1235.0,422.0,454352
1118,1471,4,2,2,4,1925,999.0,10.0,270069
1119,1600,3,4,0,9,1938,1358.0,477.0,437847
1120,2025,4,1,1,6,1973,1340.0,793.0,423424
1121,2052,3,2,0,6,1991,790.0,431.0,326552
1122,2093,4,2,1,5,1919,391.0,785.0,414023
1123,1819,5,1,1,3,1918,1076.0,337.0,351894
1124,928,1,1,1,9,1892,701.0,267.0,284072
1125,2316,4,3,1,5,1963,1057.0,498.0,464749
1126,926,1,3,1,5,1992,1538.0,335.0,285501
1127,1651,3,3,0,6,1987,1174.0,565.0,393968
1128,1122,3,4,0,2,1872,1518.0,425.0,285750
1129,1467,3,1,0,7,1948,595.0,794.0,355136
1130,1664,3,2,2,6,1956,1434.0,411.0,322387
1131,1660,4,2,0,5,1917,1670.0,517.0,321343
1132,1710,3,2,1,3,2008,1025.0,619.0,342681
1133,2306,4,2,1,4,1918,1928.0,691.0,462271
1134,1726,3,2,0,8,1930,657.0,795.0,368480
1135,1377,2,2,0,6,1925,744.0,453.0,272045
1136,1982,4,2,0,4,1957,1259.0,420.0,372686
1137,2094,3,1,0,3,1883,1021.0,117.0,285058
1138,886,3,2,0,6,1877,702.0,908.0,271107
1139,1798,4,2,0,6,1924,1247.0,572.0,372912
1140,1850,3,2,1,5,1961,1142.0,650.0,362198
1141,1351,1,1,2,5,1876,765.0,611.0,323900
1142,2187,3,2,0,4,1944,1075.0,509.0,358160
1143,1424,5,0,0,6,1885,1303.0,570.0,339375
1144,1562,4,2,0,9,1977,756.0,388.0,350946
1145,1413,4,3,1,4,1923,1206.0,439.0,342199
1146,1507,4,2,1,6,1987,653.0,309.0,327010
1147,951,2,1,0,5,1897,730.0,811.0,276247
1148,779,3,2,0,5,1924,1444.0,612.0,200972
1149,2297,4,2,1,5,1980,1245.0,895.0,434896
1150,1076,2,3,1,7,1900,245.0,959.0,304113
1151,1004,3,2,0,6,1890,850.0,219.0,287448
1152,423,3,2,1,6,1918,1195.0,697.0,225380
1153,1180,3,2,0,5,2007,1055.0,228.0,299290
1154,838,6,1,0,4,1894,,535.0,251624
1155,2321,2,1,1,3,1988,1046.0,562.0,364203
1156,2004,3,2,1,7,1977,946.0,242.0,414858
1157,1155,2,2,0,4,1924,934.0,352.0,226055
1158,2626,5,2,1,6,1967,1436.0,572.0,504924
1159,1990,2,1,0,5,1876,1277.0,535.0,363382
1160,1337,3,0,1,5,1887,1161.0,296.0,274878
1161,334,4,2,0,6,1888,1035.0,360.0,202044
1162,2645,4,1,1,5,1973,780.0,201.0,368569
1163,805,3,2,1,3,1891,877.0,259.0,204213
1164,677,3,0,0,5,1983,1425.0,425.0,222799
1165,2011,3,2,1,6,1991,1388.0,697.0,425648
1166,2719,3,3,1,6,1982,740.0,722.0,483029
1167,2192,2,1,1,5,1872,1039.0,866.0,411862
1168,1781,3,2,0,6,1929,1199.0,584.0,397048
